Buffer,Time
1,0.000082
2,0.000002
4,0.000005
8,0.000001
16,0.000001
32,0.000001
64,0.000002
128,0.000002
256,0.000008
512,0.000008
1024,0.000004
2048,0.000007
4096,0.000029
8192,0.000036
16384,0.000031
32768,0.000078
65536,0.000116
131072,0.000162
262144,0.000206
524288,0.000387
1048576,0.000786
2097152,0.001527
4194304,0.003169
8388608,0.009309
