Buffer,Time
1.000000,0.683300
10.000000,0.682895
100.000000,0.942531
1000.000000,1.866524
10000.000000,8.597535
100000.000000,44.790444
1000000.000000,356.017870
