Buffer,Time
1.000000,0.691121
10.000000,0.694979
100.000000,0.914385
1000.000000,1.796205
10000.000000,8.291025
100000.000000,41.746711
1000000.000000,348.276266
